<?xml version="1.0" encoding="UTF-8"?><OME xmlns="http://www.openmicroscopy.org/Schemas/OME/2016-06" xmlns:xsi="http://www.w3.org/2001/XMLSchema-instance" xsi:schemaLocation="http://www.openmicroscopy.org/Schemas/OME/2016-06 http://www.openmicroscopy.org/Schemas/OME/2016-06/ome.xsd"><Image ID="Image:0" Name="03_Suppl_data_3_li13_T4-z211.tif"><Description/><Pixels BigEndian="true" DimensionOrder="XYZCT" ID="Pixels:0" Interleaved="false" PhysicalSizeX="0.31196313094933187" PhysicalSizeXUnit="µm" PhysicalSizeY="0.31196313094933187" PhysicalSizeYUnit="µm" PhysicalSizeZ="2.48" PhysicalSizeZUnit="µm" SignificantBits="8" SizeC="1" SizeT="1" SizeX="1024" SizeY="500" SizeZ="11" TimeIncrement="1200.095" TimeIncrementUnit="s" Type="uint8"><Channel ID="Channel:0:0" SamplesPerPixel="1"><LightPath/></Channel><MetadataOnly/></Pixels></Image><StructuredAnnotations><XMLAnnotation ID="Annotation:0" Namespace="openmicroscopy.org/OriginalMetadata"><Value><OriginalMetadata><Key>BitsPerSample</Key><Value>8</Value></OriginalMetadata></Value></XMLAnnotation><XMLAnnotation ID="Annotation:1" Namespace="openmicroscopy.org/OriginalMetadata"><Value><OriginalMetadata><Key>Spacing</Key><Value>2.48</Value></OriginalMetadata></Value></XMLAnnotation><XMLAnnotation ID="Annotation:2" Namespace="openmicroscopy.org/OriginalMetadata"><Value><OriginalMetadata><Key>XResolution</Key><Value>3.205507</Value></OriginalMetadata></Value></XMLAnnotation><XMLAnnotation ID="Annotation:3" Namespace="openmicroscopy.org/OriginalMetadata"><Value><OriginalMetadata><Key>Unit</Key><Value>micron</Value></OriginalMetadata></Value></XMLAnnotation><XMLAnnotation ID="Annotation:4" Namespace="openmicroscopy.org/OriginalMetadata"><Value><OriginalMetadata><Key>ImageJ</Key><Value>1.54p</Value></OriginalMetadata></Value></XMLAnnotation><XMLAnnotation ID="Annotation:5" Namespace="openmicroscopy.org/OriginalMetadata"><Value><OriginalMetadata><Key>MetaDataPhotometricInterpretation</Key><Value>Monochrome</Value></OriginalMetadata></Value></XMLAnnotation><XMLAnnotation ID="Annotation:6" Namespace="openmicroscopy.org/OriginalMetadata"><Value><OriginalMetadata><Key>SamplesPerPixel</Key><Value>1</Value></OriginalMetadata></Value></XMLAnnotation><XMLAnnotation ID="Annotation:7" Namespace="openmicroscopy.org/OriginalMetadata"><Value><OriginalMetadata><Key>NewSubfileType</Key><Value>0</Value></OriginalMetadata></Value></XMLAnnotation><XMLAnnotation ID="Annotation:8" Namespace="openmicroscopy.org/OriginalMetadata"><Value><OriginalMetadata><Key>ImageWidth</Key><Value>1024</Value></OriginalMetadata></Value></XMLAnnotation><XMLAnnotation ID="Annotation:9" Namespace="openmicroscopy.org/OriginalMetadata"><Value><OriginalMetadata><Key>NumberOfChannels</Key><Value>1</Value></OriginalMetadata></Value></XMLAnnotation><XMLAnnotation ID="Annotation:10" Namespace="openmicroscopy.org/OriginalMetadata"><Value><OriginalMetadata><Key>ResolutionUnit</Key><Value>None</Value></OriginalMetadata></Value></XMLAnnotation><XMLAnnotation ID="Annotation:11" Namespace="openmicroscopy.org/OriginalMetadata"><Value><OriginalMetadata><Key>ImageLength</Key><Value>500</Value></OriginalMetadata></Value></XMLAnnotation><XMLAnnotation ID="Annotation:12" Namespace="openmicroscopy.org/OriginalMetadata"><Value><OriginalMetadata><Key>PhotometricInterpretation</Key><Value>BlackIsZero</Value></OriginalMetadata></Value></XMLAnnotation><XMLAnnotation ID="Annotation:13" Namespace="openmicroscopy.org/OriginalMetadata"><Value><OriginalMetadata><Key>YResolution</Key><Value>3.205507</Value></OriginalMetadata></Value></XMLAnnotation><XMLAnnotation ID="Annotation:14" Namespace="openmicroscopy.org/OriginalMetadata"><Value><OriginalMetadata><Key>MetaMorph</Key><Value>no</Value></OriginalMetadata></Value></XMLAnnotation><XMLAnnotation ID="Annotation:15" Namespace="openmicroscopy.org/OriginalMetadata"><Value><OriginalMetadata><Key>loop</Key><Value>false</Value></OriginalMetadata></Value></XMLAnnotation><XMLAnnotation ID="Annotation:16" Namespace="openmicroscopy.org/OriginalMetadata"><Value><OriginalMetadata><Key>Compression</Key><Value>Uncompressed</Value></OriginalMetadata></Value></XMLAnnotation></StructuredAnnotations></OME>